target	url	status
AC_counter__7f660677__main_help	/thy/trace/#/main/help	200
AC_counter__7f660677__main_message	/thy/trace/#/main/message	200
AC_counter__7f660677__main_rules	/thy/trace/#/main/rules	200
AC_counter__7f660677__main_tactic	/thy/trace/#/main/tactic	200
AttestedComputation__02869403__main_help	/thy/trace/#/main/help	200
AttestedComputation__02869403__main_message	/thy/trace/#/main/message	200
AttestedComputation__02869403__main_rules	/thy/trace/#/main/rules	200
AttestedComputation__02869403__main_tactic	/thy/trace/#/main/tactic	200
BP_IBS_4__11d81f09__main_help	/thy/trace/#/main/help	200
BP_IBS_4__11d81f09__main_message	/thy/trace/#/main/message	200
BP_IBS_4__11d81f09__main_rules	/thy/trace/#/main/rules	200
BP_IBS_4__11d81f09__main_tactic	/thy/trace/#/main/tactic	200
CH07__09fc30cc__main_help	/thy/trace/#/main/help	200
CH07__09fc30cc__main_message	/thy/trace/#/main/message	200
CH07__09fc30cc__main_rules	/thy/trace/#/main/rules	200
CH07__09fc30cc__main_tactic	/thy/trace/#/main/tactic	200
CRXOR__e62b397a__main_help	/thy/trace/#/main/help	200
CRXOR__e62b397a__main_message	/thy/trace/#/main/message	200
CRXOR__e62b397a__main_rules	/thy/trace/#/main/rules	200
CRXOR__e62b397a__main_tactic	/thy/trace/#/main/tactic	200
CTA__3455f56a__main_help	/thy/trace/#/main/help	200
CTA__3455f56a__main_message	/thy/trace/#/main/message	200
CTA__3455f56a__main_rules	/thy/trace/#/main/rules	200
CTA__3455f56a__main_tactic	/thy/trace/#/main/tactic	200
Chaum_Offline_Anonymity__ec1f9dd7__main_help	/thy/trace/#/main/help	200
Chaum_Offline_Anonymity__ec1f9dd7__main_message	/thy/trace/#/main/message	200
Chaum_Offline_Anonymity__ec1f9dd7__main_rules	/thy/trace/#/main/rules	200
Chaum_Offline_Anonymity__ec1f9dd7__main_tactic	/thy/trace/#/main/tactic	200
Chaum_Unforgeability__5c78b563__main_help	/thy/trace/#/main/help	200
Chaum_Unforgeability__5c78b563__main_message	/thy/trace/#/main/message	200
Chaum_Unforgeability__5c78b563__main_rules	/thy/trace/#/main/rules	200
Chaum_Unforgeability__5c78b563__main_tactic	/thy/trace/#/main/tactic	200
DH2_original__7bef3f85__main_help	/thy/trace/#/main/help	200
DH2_original__7bef3f85__main_message	/thy/trace/#/main/message	200
DH2_original__7bef3f85__main_rules	/thy/trace/#/main/rules	200
DH2_original__7bef3f85__main_tactic	/thy/trace/#/main/tactic	200
DHKEA_NAXOS_C_eCK_PFS_partially_matching__dc0f03e6__main_help	/thy/trace/#/main/help	200
DHKEA_NAXOS_C_eCK_PFS_partially_matching__dc0f03e6__main_message	/thy/trace/#/main/message	200
DHKEA_NAXOS_C_eCK_PFS_partially_matching__dc0f03e6__main_rules	/thy/trace/#/main/rules	200
DHKEA_NAXOS_C_eCK_PFS_partially_matching__dc0f03e6__main_tactic	/thy/trace/#/main/tactic	200
ISO_IEC9798_3_3_Modified__3a3d0fe7__main_help	/thy/trace/#/main/help	200
ISO_IEC9798_3_3_Modified__3a3d0fe7__main_message	/thy/trace/#/main/message	200
ISO_IEC9798_3_3_Modified__3a3d0fe7__main_rules	/thy/trace/#/main/rules	200
ISO_IEC9798_3_3_Modified__3a3d0fe7__main_tactic	/thy/trace/#/main/tactic	200
JKL_TS2_2008_KI_wPFS__ffcbd1a6__main_help	/thy/trace/#/main/help	200
JKL_TS2_2008_KI_wPFS__ffcbd1a6__main_message	/thy/trace/#/main/message	200
JKL_TS2_2008_KI_wPFS__ffcbd1a6__main_rules	/thy/trace/#/main/rules	200
JKL_TS2_2008_KI_wPFS__ffcbd1a6__main_tactic	/thy/trace/#/main/tactic	200
JKL_TS2_2008__9b7b928e__main_help	/thy/trace/#/main/help	200
JKL_TS2_2008__9b7b928e__main_message	/thy/trace/#/main/message	200
JKL_TS2_2008__9b7b928e__main_rules	/thy/trace/#/main/rules	200
JKL_TS2_2008__9b7b928e__main_tactic	/thy/trace/#/main/tactic	200
Joux_EphkRev__e9203043__main_help	/thy/trace/#/main/help	200
Joux_EphkRev__e9203043__main_message	/thy/trace/#/main/message	200
Joux_EphkRev__e9203043__main_rules	/thy/trace/#/main/rules	200
Joux_EphkRev__e9203043__main_tactic	/thy/trace/#/main/tactic	200
Joux_EphkRev__f06f3329__main_help	/thy/trace/#/main/help	200
Joux_EphkRev__f06f3329__main_message	/thy/trace/#/main/message	200
Joux_EphkRev__f06f3329__main_rules	/thy/trace/#/main/rules	200
Joux_EphkRev__f06f3329__main_tactic	/thy/trace/#/main/tactic	200
Joux__09829201__main_help	/thy/trace/#/main/help	200
Joux__09829201__main_message	/thy/trace/#/main/message	200
Joux__09829201__main_rules	/thy/trace/#/main/rules	200
Joux__09829201__main_tactic	/thy/trace/#/main/tactic	200
Joux__b27da093__main_help	/thy/trace/#/main/help	200
Joux__b27da093__main_message	/thy/trace/#/main/message	200
Joux__b27da093__main_rules	/thy/trace/#/main/rules	200
Joux__b27da093__main_tactic	/thy/trace/#/main/tactic	200
KEA_plus_AdvKey_fix__042d68bd__main_help	/thy/trace/#/main/help	200
KEA_plus_AdvKey_fix__042d68bd__main_message	/thy/trace/#/main/message	200
KEA_plus_AdvKey_fix__042d68bd__main_rules	/thy/trace/#/main/rules	200
KEA_plus_AdvKey_fix__042d68bd__main_tactic	/thy/trace/#/main/tactic	200
KEA_plus_KCI_hwPFS__8f24e28f__main_help	/thy/trace/#/main/help	200
KEA_plus_KCI_hwPFS__8f24e28f__main_message	/thy/trace/#/main/message	200
KEA_plus_KCI_hwPFS__8f24e28f__main_rules	/thy/trace/#/main/rules	200
KEA_plus_KCI_hwPFS__8f24e28f__main_tactic	/thy/trace/#/main/tactic	200
KEA_plus_KI_KCI__a998f85d__main_help	/thy/trace/#/main/help	200
KEA_plus_KI_KCI__a998f85d__main_message	/thy/trace/#/main/message	200
KEA_plus_KI_KCI__a998f85d__main_rules	/thy/trace/#/main/rules	200
KEA_plus_KI_KCI__a998f85d__main_tactic	/thy/trace/#/main/tactic	200
KEA_plus__a467f730__main_help	/thy/trace/#/main/help	200
KEA_plus__a467f730__main_message	/thy/trace/#/main/message	200
KEA_plus__a467f730__main_rules	/thy/trace/#/main/rules	200
KEA_plus__a467f730__main_tactic	/thy/trace/#/main/tactic	200
KEA_plus_hwPFS__10306fc6__main_help	/thy/trace/#/main/help	200
KEA_plus_hwPFS__10306fc6__main_message	/thy/trace/#/main/message	200
KEA_plus_hwPFS__10306fc6__main_rules	/thy/trace/#/main/rules	200
KEA_plus_hwPFS__10306fc6__main_tactic	/thy/trace/#/main/tactic	200
Keyless_SSL_Modified__68198afa__main_help	/thy/trace/#/main/help	200
Keyless_SSL_Modified__68198afa__main_message	/thy/trace/#/main/message	200
Keyless_SSL_Modified__68198afa__main_rules	/thy/trace/#/main/rules	200
Keyless_SSL_Modified__68198afa__main_tactic	/thy/trace/#/main/tactic	200
LAK06__22a64baf__main_help	/thy/trace/#/main/help	200
LAK06__22a64baf__main_message	/thy/trace/#/main/message	200
LAK06__22a64baf__main_rules	/thy/trace/#/main/rules	200
LAK06__22a64baf__main_tactic	/thy/trace/#/main/tactic	200
LAK06__57a4e0ca__main_help	/thy/trace/#/main/help	200
LAK06__57a4e0ca__main_message	/thy/trace/#/main/message	200
LAK06__57a4e0ca__main_rules	/thy/trace/#/main/rules	200
LAK06__57a4e0ca__main_tactic	/thy/trace/#/main/tactic	200
MPAuth_VC__669e50ff__main_help	/thy/trace/#/main/help	200
MPAuth_VC__669e50ff__main_message	/thy/trace/#/main/message	200
MPAuth_VC__669e50ff__main_rules	/thy/trace/#/main/rules	200
MPAuth_VC__669e50ff__main_tactic	/thy/trace/#/main/tactic	200
MTI_C0_eCK__546e2be2__main_help	/thy/trace/#/main/help	200
MTI_C0_eCK__546e2be2__main_message	/thy/trace/#/main/message	200
MTI_C0_eCK__546e2be2__main_rules	/thy/trace/#/main/rules	200
MTI_C0_eCK__546e2be2__main_tactic	/thy/trace/#/main/tactic	200
Minimal_Create_Use_Destroy__e4f074f1__main_help	/thy/trace/#/main/help	200
Minimal_Create_Use_Destroy__e4f074f1__main_message	/thy/trace/#/main/message	200
Minimal_Create_Use_Destroy__e4f074f1__main_rules	/thy/trace/#/main/rules	200
Minimal_Create_Use_Destroy__e4f074f1__main_tactic	/thy/trace/#/main/tactic	200
Minimal_Loop_Example__f10a6c20__main_help	/thy/trace/#/main/help	200
Minimal_Loop_Example__f10a6c20__main_message	/thy/trace/#/main/message	200
Minimal_Loop_Example__f10a6c20__main_rules	/thy/trace/#/main/rules	200
Minimal_Loop_Example__f10a6c20__main_tactic	/thy/trace/#/main/tactic	200
NAXOS_eCK__24416782__main_help	/thy/trace/#/main/help	200
NAXOS_eCK__24416782__main_message	/thy/trace/#/main/message	200
NAXOS_eCK__24416782__main_rules	/thy/trace/#/main/rules	200
NAXOS_eCK__24416782__main_tactic	/thy/trace/#/main/tactic	200
NAXOS_eCK__674b4641__main_help	/thy/trace/#/main/help	200
NAXOS_eCK__674b4641__main_message	/thy/trace/#/main/message	200
NAXOS_eCK__674b4641__main_rules	/thy/trace/#/main/rules	200
NAXOS_eCK__674b4641__main_tactic	/thy/trace/#/main/tactic	200
NSPK3__642774eb__main_help	/thy/trace/#/main/help	200
NSPK3__642774eb__main_message	/thy/trace/#/main/message	200
NSPK3__642774eb__main_rules	/thy/trace/#/main/rules	200
NSPK3__642774eb__main_tactic	/thy/trace/#/main/tactic	200
NumberSubtermTests__07246be7__main_help	/thy/trace/#/main/help	200
NumberSubtermTests__07246be7__main_message	/thy/trace/#/main/message	200
NumberSubtermTests__07246be7__main_rules	/thy/trace/#/main/rules	200
NumberSubtermTests__07246be7__main_tactic	/thy/trace/#/main/tactic	200
OPC_UA_Secure_Communication__7ac44475__main_help	/thy/trace/#/main/help	200
OPC_UA_Secure_Communication__7ac44475__main_message	/thy/trace/#/main/message	200
OPC_UA_Secure_Communication__7ac44475__main_rules	/thy/trace/#/main/rules	200
OPC_UA_Secure_Communication__7ac44475__main_tactic	/thy/trace/#/main/tactic	200
OTP__cd255921__main_help	/thy/trace/#/main/help	200
OTP__cd255921__main_message	/thy/trace/#/main/message	200
OTP__cd255921__main_rules	/thy/trace/#/main/rules	200
OTP__cd255921__main_tactic	/thy/trace/#/main/tactic	200
PKCS11_aead__35986d59__main_help	/thy/trace/#/main/help	200
PKCS11_aead__35986d59__main_message	/thy/trace/#/main/message	200
PKCS11_aead__35986d59__main_rules	/thy/trace/#/main/rules	200
PKCS11_aead__35986d59__main_tactic	/thy/trace/#/main/tactic	200
PKCS11_siv__51ca69e4__main_help	/thy/trace/#/main/help	200
PKCS11_siv__51ca69e4__main_message	/thy/trace/#/main/message	200
PKCS11_siv__51ca69e4__main_rules	/thy/trace/#/main/rules	200
PKCS11_siv__51ca69e4__main_tactic	/thy/trace/#/main/tactic	200
ParserTests__4ada594d__main_help	/thy/trace/#/main/help	200
ParserTests__4ada594d__main_message	/thy/trace/#/main/message	200
ParserTests__4ada594d__main_rules	/thy/trace/#/main/rules	200
ParserTests__4ada594d__main_tactic	/thy/trace/#/main/tactic	200
RFID_Simple__43c0ca90__main_help	/thy/trace/#/main/help	200
RFID_Simple__43c0ca90__main_message	/thy/trace/#/main/message	200
RFID_Simple__43c0ca90__main_rules	/thy/trace/#/main/rules	200
RFID_Simple__43c0ca90__main_tactic	/thy/trace/#/main/tactic	200
RYY__1438834b__main_help	/thy/trace/#/main/help	200
RYY__1438834b__main_message	/thy/trace/#/main/message	200
RYY__1438834b__main_rules	/thy/trace/#/main/rules	200
RYY__1438834b__main_tactic	/thy/trace/#/main/tactic	200
RYY__d43319ab__main_help	/thy/trace/#/main/help	200
RYY__d43319ab__main_message	/thy/trace/#/main/message	200
RYY__d43319ab__main_rules	/thy/trace/#/main/rules	200
RYY__d43319ab__main_tactic	/thy/trace/#/main/tactic	200
STS_MAC__1c375a9a__main_help	/thy/trace/#/main/help	200
STS_MAC__1c375a9a__main_message	/thy/trace/#/main/message	200
STS_MAC__1c375a9a__main_rules	/thy/trace/#/main/rules	200
STS_MAC__1c375a9a__main_tactic	/thy/trace/#/main/tactic	200
STS_MAC_fix1__77fdcbda__main_help	/thy/trace/#/main/help	200
STS_MAC_fix1__77fdcbda__main_message	/thy/trace/#/main/message	200
STS_MAC_fix1__77fdcbda__main_rules	/thy/trace/#/main/rules	200
STS_MAC_fix1__77fdcbda__main_tactic	/thy/trace/#/main/tactic	200
STS_MAC_fix2__17932167__main_help	/thy/trace/#/main/help	200
STS_MAC_fix2__17932167__main_message	/thy/trace/#/main/message	200
STS_MAC_fix2__17932167__main_rules	/thy/trace/#/main/rules	200
STS_MAC_fix2__17932167__main_tactic	/thy/trace/#/main/tactic	200
Scott__1c062dac__main_help	/thy/trace/#/main/help	200
Scott__1c062dac__main_message	/thy/trace/#/main/message	200
Scott__1c062dac__main_rules	/thy/trace/#/main/rules	200
Scott__1c062dac__main_tactic	/thy/trace/#/main/tactic	200
Scott__8f79bc1c__main_help	/thy/trace/#/main/help	200
Scott__8f79bc1c__main_message	/thy/trace/#/main/message	200
Scott__8f79bc1c__main_rules	/thy/trace/#/main/rules	200
Scott__8f79bc1c__main_tactic	/thy/trace/#/main/tactic	200
Scott__904edaac__main_help	/thy/trace/#/main/help	200
Scott__904edaac__main_message	/thy/trace/#/main/message	200
Scott__904edaac__main_rules	/thy/trace/#/main/rules	200
Scott__904edaac__main_tactic	/thy/trace/#/main/tactic	200
Scott__c644a462__main_help	/thy/trace/#/main/help	200
Scott__c644a462__main_message	/thy/trace/#/main/message	200
Scott__c644a462__main_rules	/thy/trace/#/main/rules	200
Scott__c644a462__main_tactic	/thy/trace/#/main/tactic	200
SignedDH_PFS__225de7d1__main_help	/thy/trace/#/main/help	200
SignedDH_PFS__225de7d1__main_message	/thy/trace/#/main/message	200
SignedDH_PFS__225de7d1__main_rules	/thy/trace/#/main/rules	200
SignedDH_PFS__225de7d1__main_tactic	/thy/trace/#/main/tactic	200
SignedDH__8ead0793__main_help	/thy/trace/#/main/help	200
SignedDH__8ead0793__main_message	/thy/trace/#/main/message	200
SignedDH__8ead0793__main_rules	/thy/trace/#/main/rules	200
SignedDH__8ead0793__main_tactic	/thy/trace/#/main/tactic	200
SpliceAS__da6e5aac__main_help	/thy/trace/#/main/help	200
SpliceAS__da6e5aac__main_message	/thy/trace/#/main/message	200
SpliceAS__da6e5aac__main_rules	/thy/trace/#/main/rules	200
SpliceAS__da6e5aac__main_tactic	/thy/trace/#/main/tactic	200
StatVerifSecurityDevice__d721a36f__main_help	/thy/trace/#/main/help	200
StatVerifSecurityDevice__d721a36f__main_message	/thy/trace/#/main/message	200
StatVerifSecurityDevice__d721a36f__main_rules	/thy/trace/#/main/rules	200
StatVerifSecurityDevice__d721a36f__main_tactic	/thy/trace/#/main/tactic	200
StatVerif_GM_Contract_Signing__c3f689d4__main_help	/thy/trace/#/main/help	200
StatVerif_GM_Contract_Signing__c3f689d4__main_message	/thy/trace/#/main/message	200
StatVerif_GM_Contract_Signing__c3f689d4__main_rules	/thy/trace/#/main/rules	200
StatVerif_GM_Contract_Signing__c3f689d4__main_tactic	/thy/trace/#/main/tactic	200
TAK1__9f0abc39__main_help	/thy/trace/#/main/help	200
TAK1__9f0abc39__main_message	/thy/trace/#/main/message	200
TAK1__9f0abc39__main_rules	/thy/trace/#/main/rules	200
TAK1__9f0abc39__main_tactic	/thy/trace/#/main/tactic	200
TPM_Envelope__be59c812__main_help	/thy/trace/#/main/help	200
TPM_Envelope__be59c812__main_message	/thy/trace/#/main/message	200
TPM_Envelope__be59c812__main_rules	/thy/trace/#/main/rules	200
TPM_Envelope__be59c812__main_tactic	/thy/trace/#/main/tactic	200
TPM_Exclusive_Secrets__aaac5375__main_help	/thy/trace/#/main/help	200
TPM_Exclusive_Secrets__aaac5375__main_message	/thy/trace/#/main/message	200
TPM_Exclusive_Secrets__aaac5375__main_rules	/thy/trace/#/main/rules	200
TPM_Exclusive_Secrets__aaac5375__main_tactic	/thy/trace/#/main/tactic	200
TPM_Exclusive_Secrets__fa5d82ea__main_help	/thy/trace/#/main/help	200
TPM_Exclusive_Secrets__fa5d82ea__main_message	/thy/trace/#/main/message	200
TPM_Exclusive_Secrets__fa5d82ea__main_rules	/thy/trace/#/main/rules	200
TPM_Exclusive_Secrets__fa5d82ea__main_tactic	/thy/trace/#/main/tactic	200
UM_one_pass_fix__0403cc8f__main_help	/thy/trace/#/main/help	200
UM_one_pass_fix__0403cc8f__main_message	/thy/trace/#/main/message	200
UM_one_pass_fix__0403cc8f__main_rules	/thy/trace/#/main/rules	200
UM_one_pass_fix__0403cc8f__main_tactic	/thy/trace/#/main/tactic	200
UM_three_pass__e30c3b1a__main_help	/thy/trace/#/main/help	200
UM_three_pass__e30c3b1a__main_message	/thy/trace/#/main/message	200
UM_three_pass__e30c3b1a__main_rules	/thy/trace/#/main/rules	200
UM_three_pass__e30c3b1a__main_tactic	/thy/trace/#/main/tactic	200
UM_three_pass_combined__f0caf0bb__main_help	/thy/trace/#/main/help	200
UM_three_pass_combined__f0caf0bb__main_message	/thy/trace/#/main/message	200
UM_three_pass_combined__f0caf0bb__main_rules	/thy/trace/#/main/rules	200
UM_three_pass_combined__f0caf0bb__main_tactic	/thy/trace/#/main/tactic	200
UM_wPFS__7e8a7fe7__main_help	/thy/trace/#/main/help	200
UM_wPFS__7e8a7fe7__main_message	/thy/trace/#/main/message	200
UM_wPFS__7e8a7fe7__main_rules	/thy/trace/#/main/rules	200
UM_wPFS__7e8a7fe7__main_tactic	/thy/trace/#/main/tactic	200
WireGuard__2ad04d3b__main_help	/thy/trace/#/main/help	200
WireGuard__2ad04d3b__main_message	/thy/trace/#/main/message	200
WireGuard__2ad04d3b__main_rules	/thy/trace/#/main/rules	200
WireGuard__2ad04d3b__main_tactic	/thy/trace/#/main/tactic	200
YubikeyHSMmultiset__799bce13__main_help	/thy/trace/#/main/help	200
YubikeyHSMmultiset__799bce13__main_message	/thy/trace/#/main/message	200
YubikeyHSMmultiset__799bce13__main_rules	/thy/trace/#/main/rules	200
YubikeyHSMmultiset__799bce13__main_tactic	/thy/trace/#/main/tactic	200
YubikeyMultisets__6942f17d__main_help	/thy/trace/#/main/help	200
YubikeyMultisets__6942f17d__main_message	/thy/trace/#/main/message	200
YubikeyMultisets__6942f17d__main_rules	/thy/trace/#/main/rules	200
YubikeyMultisets__6942f17d__main_tactic	/thy/trace/#/main/tactic	200
Yubikey__6c7e8239__main_help	/thy/trace/#/main/help	200
Yubikey__6c7e8239__main_message	/thy/trace/#/main/message	200
Yubikey__6c7e8239__main_rules	/thy/trace/#/main/rules	200
Yubikey__6c7e8239__main_tactic	/thy/trace/#/main/tactic	200
alethea_sel_SmHh__b8fc08c1__main_help	/thy/trace/#/main/help	200
alethea_sel_SmHh__b8fc08c1__main_message	/thy/trace/#/main/message	200
alethea_sel_SmHh__b8fc08c1__main_rules	/thy/trace/#/main/rules	200
alethea_sel_SmHh__b8fc08c1__main_tactic	/thy/trace/#/main/tactic	200
alethea_selectionphase_malS__80b9dd66__main_help	/thy/trace/#/main/help	200
alethea_selectionphase_malS__80b9dd66__main_message	/thy/trace/#/main/message	200
alethea_selectionphase_malS__80b9dd66__main_rules	/thy/trace/#/main/rules	200
alethea_selectionphase_malS__80b9dd66__main_tactic	/thy/trace/#/main/tactic	200
alethea_vot_ShHh__3245e5f1__main_help	/thy/trace/#/main/help	200
alethea_vot_ShHh__3245e5f1__main_message	/thy/trace/#/main/message	200
alethea_vot_ShHh__3245e5f1__main_rules	/thy/trace/#/main/rules	200
alethea_vot_ShHh__3245e5f1__main_tactic	/thy/trace/#/main/tactic	200
alethea_votingphase_malS__9cabab94__main_help	/thy/trace/#/main/help	200
alethea_votingphase_malS__9cabab94__main_message	/thy/trace/#/main/message	200
alethea_votingphase_malS__9cabab94__main_rules	/thy/trace/#/main/rules	200
alethea_votingphase_malS__9cabab94__main_tactic	/thy/trace/#/main/tactic	200
alethea_votingphase_malS_abstain__68da352e__main_help	/thy/trace/#/main/help	200
alethea_votingphase_malS_abstain__68da352e__main_message	/thy/trace/#/main/message	200
alethea_votingphase_malS_abstain__68da352e__main_rules	/thy/trace/#/main/rules	200
alethea_votingphase_malS_abstain__68da352e__main_tactic	/thy/trace/#/main/tactic	200
commitment_example__645f8fc3__main_help	/thy/trace/#/main/help	200
commitment_example__645f8fc3__main_message	/thy/trace/#/main/message	200
commitment_example__645f8fc3__main_rules	/thy/trace/#/main/rules	200
commitment_example__645f8fc3__main_tactic	/thy/trace/#/main/tactic	200
counter__42117665__main_help	/thy/trace/#/main/help	200
counter__42117665__main_message	/thy/trace/#/main/message	200
counter__42117665__main_rules	/thy/trace/#/main/rules	200
counter__42117665__main_tactic	/thy/trace/#/main/tactic	200
counter_example__5632b36d__main_help	/thy/trace/#/main/help	200
counter_example__5632b36d__main_message	/thy/trace/#/main/message	200
counter_example__5632b36d__main_rules	/thy/trace/#/main/rules	200
counter_example__5632b36d__main_tactic	/thy/trace/#/main/tactic	200
define__e032ea85__main_help	/thy/trace/#/main/help	200
define__e032ea85__main_message	/thy/trace/#/main/message	200
define__e032ea85__main_rules	/thy/trace/#/main/rules	200
define__e032ea85__main_tactic	/thy/trace/#/main/tactic	200
eps_to_5gs_over_n26_handover__48b02437__main_help	/thy/trace/#/main/help	200
eps_to_5gs_over_n26_handover__48b02437__main_message	/thy/trace/#/main/message	200
eps_to_5gs_over_n26_handover__48b02437__main_rules	/thy/trace/#/main/rules	200
eps_to_5gs_over_n26_handover__48b02437__main_tactic	/thy/trace/#/main/tactic	200
ex1__c8e1214c__main_help	/thy/trace/#/main/help	200
ex1__c8e1214c__main_message	/thy/trace/#/main/message	200
ex1__c8e1214c__main_rules	/thy/trace/#/main/rules	200
ex1__c8e1214c__main_tactic	/thy/trace/#/main/tactic	200
issue223__d4a248f7__main_help	/thy/trace/#/main/help	200
issue223__d4a248f7__main_message	/thy/trace/#/main/message	200
issue223__d4a248f7__main_rules	/thy/trace/#/main/rules	200
issue223__d4a248f7__main_tactic	/thy/trace/#/main/tactic	200
issue515__2b3b83d2__main_help	/thy/trace/#/main/help	200
issue515__2b3b83d2__main_message	/thy/trace/#/main/message	200
issue515__2b3b83d2__main_rules	/thy/trace/#/main/rules	200
issue515__2b3b83d2__main_tactic	/thy/trace/#/main/tactic	200
mixvote_ShHm__3b2c7634__main_help	/thy/trace/#/main/help	200
mixvote_ShHm__3b2c7634__main_message	/thy/trace/#/main/message	200
mixvote_ShHm__3b2c7634__main_rules	/thy/trace/#/main/rules	200
mixvote_ShHm__3b2c7634__main_tactic	/thy/trace/#/main/tactic	200
secrecy_4_passive_INpsk1__9737569d__main_help	/thy/trace/#/main/help	200
secrecy_4_passive_INpsk1__9737569d__main_message	/thy/trace/#/main/message	200
secrecy_4_passive_INpsk1__9737569d__main_rules	/thy/trace/#/main/rules	200
secrecy_4_passive_INpsk1__9737569d__main_tactic	/thy/trace/#/main/tactic	200
secrecy_4_passive_INpsk1__d381650e__main_help	/thy/trace/#/main/help	200
secrecy_4_passive_INpsk1__d381650e__main_message	/thy/trace/#/main/message	200
secrecy_4_passive_INpsk1__d381650e__main_rules	/thy/trace/#/main/rules	200
secrecy_4_passive_INpsk1__d381650e__main_tactic	/thy/trace/#/main/tactic	200
