target	theory	hash	url	kind	status
AttestedComputation__02869403__thy_trace_main_rules	AttestedComputation	02869403	/thy/trace/#/main/rules	json	200
AttestedComputation__02869403__thy_trace_main_message	AttestedComputation	02869403	/thy/trace/#/main/message	json	200
UM_one_pass_fix__0403cc8f__thy_trace_main_rules	UM_one_pass_fix	0403cc8f	/thy/trace/#/main/rules	json	200
UM_one_pass_fix__0403cc8f__thy_trace_main_message	UM_one_pass_fix	0403cc8f	/thy/trace/#/main/message	json	200
KEA_plus_AdvKey_fix__042d68bd__thy_trace_main_rules	KEA_plus_AdvKey_fix	042d68bd	/thy/trace/#/main/rules	json	200
KEA_plus_AdvKey_fix__042d68bd__thy_trace_main_message	KEA_plus_AdvKey_fix	042d68bd	/thy/trace/#/main/message	json	200
NumberSubtermTests__07246be7__thy_trace_main_rules	NumberSubtermTests	07246be7	/thy/trace/#/main/rules	json	200
NumberSubtermTests__07246be7__thy_trace_main_message	NumberSubtermTests	07246be7	/thy/trace/#/main/message	json	200
Joux__09829201__thy_trace_main_rules	Joux	09829201	/thy/trace/#/main/rules	json	200
Joux__09829201__thy_trace_main_message	Joux	09829201	/thy/trace/#/main/message	json	200
CH07__09fc30cc__thy_trace_main_rules	CH07	09fc30cc	/thy/trace/#/main/rules	json	200
CH07__09fc30cc__thy_trace_main_message	CH07	09fc30cc	/thy/trace/#/main/message	json	200
KEA_plus_hwPFS__10306fc6__thy_trace_main_rules	KEA_plus_hwPFS	10306fc6	/thy/trace/#/main/rules	json	200
KEA_plus_hwPFS__10306fc6__thy_trace_main_message	KEA_plus_hwPFS	10306fc6	/thy/trace/#/main/message	json	200
BP_IBS_4__11d81f09__thy_trace_main_rules	BP_IBS_4	11d81f09	/thy/trace/#/main/rules	json	200
BP_IBS_4__11d81f09__thy_trace_main_message	BP_IBS_4	11d81f09	/thy/trace/#/main/message	json	200
RYY__1438834b__thy_trace_main_rules	RYY	1438834b	/thy/trace/#/main/rules	json	200
RYY__1438834b__thy_trace_main_message	RYY	1438834b	/thy/trace/#/main/message	json	200
STS_MAC_fix2__17932167__thy_trace_main_rules	STS_MAC_fix2	17932167	/thy/trace/#/main/rules	json	200
STS_MAC_fix2__17932167__thy_trace_main_message	STS_MAC_fix2	17932167	/thy/trace/#/main/message	json	200
Scott__1c062dac__thy_trace_main_rules	Scott	1c062dac	/thy/trace/#/main/rules	json	200
Scott__1c062dac__thy_trace_main_message	Scott	1c062dac	/thy/trace/#/main/message	json	200
STS_MAC__1c375a9a__thy_trace_main_rules	STS_MAC	1c375a9a	/thy/trace/#/main/rules	json	200
STS_MAC__1c375a9a__thy_trace_main_message	STS_MAC	1c375a9a	/thy/trace/#/main/message	json	200
SignedDH_PFS__225de7d1__thy_trace_main_rules	SignedDH_PFS	225de7d1	/thy/trace/#/main/rules	json	200
SignedDH_PFS__225de7d1__thy_trace_main_message	SignedDH_PFS	225de7d1	/thy/trace/#/main/message	json	200
LAK06__22a64baf__thy_trace_main_rules	LAK06	22a64baf	/thy/trace/#/main/rules	json	200
LAK06__22a64baf__thy_trace_main_message	LAK06	22a64baf	/thy/trace/#/main/message	json	200
NAXOS_eCK__24416782__thy_trace_main_rules	NAXOS_eCK	24416782	/thy/trace/#/main/rules	json	200
NAXOS_eCK__24416782__thy_trace_main_message	NAXOS_eCK	24416782	/thy/trace/#/main/message	json	200
WireGuard__2ad04d3b__thy_trace_main_rules	WireGuard	2ad04d3b	/thy/trace/#/main/rules	json	200
WireGuard__2ad04d3b__thy_trace_main_message	WireGuard	2ad04d3b	/thy/trace/#/main/message	json	200
issue515__2b3b83d2__thy_trace_main_rules	issue515	2b3b83d2	/thy/trace/#/main/rules	json	200
issue515__2b3b83d2__thy_trace_main_message	issue515	2b3b83d2	/thy/trace/#/main/message	json	200
alethea_vot_ShHh__3245e5f1__thy_trace_main_rules	alethea_vot_ShHh	3245e5f1	/thy/trace/#/main/rules	json	200
alethea_vot_ShHh__3245e5f1__thy_trace_main_message	alethea_vot_ShHh	3245e5f1	/thy/trace/#/main/message	json	200
CTA__3455f56a__thy_trace_main_rules	CTA	3455f56a	/thy/trace/#/main/rules	json	200
CTA__3455f56a__thy_trace_main_message	CTA	3455f56a	/thy/trace/#/main/message	json	200
PKCS11_aead__35986d59__thy_trace_main_rules	PKCS11_aead	35986d59	/thy/trace/#/main/rules	json	200
PKCS11_aead__35986d59__thy_trace_main_message	PKCS11_aead	35986d59	/thy/trace/#/main/message	json	200
ISO_IEC9798_3_3_Modified__3a3d0fe7__thy_trace_main_rules	ISO_IEC9798_3_3_Modified	3a3d0fe7	/thy/trace/#/main/rules	json	200
ISO_IEC9798_3_3_Modified__3a3d0fe7__thy_trace_main_message	ISO_IEC9798_3_3_Modified	3a3d0fe7	/thy/trace/#/main/message	json	200
mixvote_ShHm__3b2c7634__thy_trace_main_rules	mixvote_ShHm	3b2c7634	/thy/trace/#/main/rules	json	200
mixvote_ShHm__3b2c7634__thy_trace_main_message	mixvote_ShHm	3b2c7634	/thy/trace/#/main/message	json	200
counter__42117665__thy_trace_main_rules	counter	42117665	/thy/trace/#/main/rules	json	200
counter__42117665__thy_trace_main_message	counter	42117665	/thy/trace/#/main/message	json	200
RFID_Simple__43c0ca90__thy_trace_main_rules	RFID_Simple	43c0ca90	/thy/trace/#/main/rules	json	200
RFID_Simple__43c0ca90__thy_trace_main_message	RFID_Simple	43c0ca90	/thy/trace/#/main/message	json	200
eps_to_5gs_over_n26_handover__48b02437__thy_trace_main_rules	eps_to_5gs_over_n26_handover	48b02437	/thy/trace/#/main/rules	json	200
eps_to_5gs_over_n26_handover__48b02437__thy_trace_main_message	eps_to_5gs_over_n26_handover	48b02437	/thy/trace/#/main/message	json	200
ParserTests__4ada594d__thy_trace_main_rules	ParserTests	4ada594d	/thy/trace/#/main/rules	json	200
ParserTests__4ada594d__thy_trace_main_message	ParserTests	4ada594d	/thy/trace/#/main/message	json	200
PKCS11_siv__51ca69e4__thy_trace_main_rules	PKCS11_siv	51ca69e4	/thy/trace/#/main/rules	json	200
PKCS11_siv__51ca69e4__thy_trace_main_message	PKCS11_siv	51ca69e4	/thy/trace/#/main/message	json	200
MTI_C0_eCK__546e2be2__thy_trace_main_rules	MTI_C0_eCK	546e2be2	/thy/trace/#/main/rules	json	200
MTI_C0_eCK__546e2be2__thy_trace_main_message	MTI_C0_eCK	546e2be2	/thy/trace/#/main/message	json	200
counter_example__5632b36d__thy_trace_main_rules	counter_example	5632b36d	/thy/trace/#/main/rules	json	200
counter_example__5632b36d__thy_trace_main_message	counter_example	5632b36d	/thy/trace/#/main/message	json	200
LAK06__57a4e0ca__thy_trace_main_rules	LAK06	57a4e0ca	/thy/trace/#/main/rules	json	200
LAK06__57a4e0ca__thy_trace_main_message	LAK06	57a4e0ca	/thy/trace/#/main/message	json	200
Chaum_Unforgeability__5c78b563__thy_trace_main_rules	Chaum_Unforgeability	5c78b563	/thy/trace/#/main/rules	json	200
Chaum_Unforgeability__5c78b563__thy_trace_main_message	Chaum_Unforgeability	5c78b563	/thy/trace/#/main/message	json	200
NSPK3__642774eb__thy_trace_main_rules	NSPK3	642774eb	/thy/trace/#/main/rules	json	200
NSPK3__642774eb__thy_trace_main_message	NSPK3	642774eb	/thy/trace/#/main/message	json	200
commitment_example__645f8fc3__thy_trace_main_rules	commitment_example	645f8fc3	/thy/trace/#/main/rules	json	200
commitment_example__645f8fc3__thy_trace_main_message	commitment_example	645f8fc3	/thy/trace/#/main/message	json	200
MPAuth_VC__669e50ff__thy_trace_main_rules	MPAuth_VC	669e50ff	/thy/trace/#/main/rules	json	200
MPAuth_VC__669e50ff__thy_trace_main_message	MPAuth_VC	669e50ff	/thy/trace/#/main/message	json	200
NAXOS_eCK__674b4641__thy_trace_main_rules	NAXOS_eCK	674b4641	/thy/trace/#/main/rules	json	200
NAXOS_eCK__674b4641__thy_trace_main_message	NAXOS_eCK	674b4641	/thy/trace/#/main/message	json	200
Keyless_SSL_Modified__68198afa__thy_trace_main_rules	Keyless_SSL_Modified	68198afa	/thy/trace/#/main/rules	json	200
Keyless_SSL_Modified__68198afa__thy_trace_main_message	Keyless_SSL_Modified	68198afa	/thy/trace/#/main/message	json	200
alethea_votingphase_malS_abstain__68da352e__thy_trace_main_rules	alethea_votingphase_malS_abstain	68da352e	/thy/trace/#/main/rules	json	200
alethea_votingphase_malS_abstain__68da352e__thy_trace_main_message	alethea_votingphase_malS_abstain	68da352e	/thy/trace/#/main/message	json	200
YubikeyMultisets__6942f17d__thy_trace_main_rules	YubikeyMultisets	6942f17d	/thy/trace/#/main/rules	json	200
YubikeyMultisets__6942f17d__thy_trace_main_message	YubikeyMultisets	6942f17d	/thy/trace/#/main/message	json	200
Yubikey__6c7e8239__thy_trace_main_rules	Yubikey	6c7e8239	/thy/trace/#/main/rules	json	200
Yubikey__6c7e8239__thy_trace_main_message	Yubikey	6c7e8239	/thy/trace/#/main/message	json	200
STS_MAC_fix1__77fdcbda__thy_trace_main_rules	STS_MAC_fix1	77fdcbda	/thy/trace/#/main/rules	json	200
STS_MAC_fix1__77fdcbda__thy_trace_main_message	STS_MAC_fix1	77fdcbda	/thy/trace/#/main/message	json	200
YubikeyHSMmultiset__799bce13__thy_trace_main_rules	YubikeyHSMmultiset	799bce13	/thy/trace/#/main/rules	json	200
YubikeyHSMmultiset__799bce13__thy_trace_main_message	YubikeyHSMmultiset	799bce13	/thy/trace/#/main/message	json	200
OPC_UA_Secure_Communication__7ac44475__thy_trace_main_rules	OPC_UA_Secure_Communication	7ac44475	/thy/trace/#/main/rules	json	200
OPC_UA_Secure_Communication__7ac44475__thy_trace_main_message	OPC_UA_Secure_Communication	7ac44475	/thy/trace/#/main/message	json	200
DH2_original__7bef3f85__thy_trace_main_rules	DH2_original	7bef3f85	/thy/trace/#/main/rules	json	200
DH2_original__7bef3f85__thy_trace_main_message	DH2_original	7bef3f85	/thy/trace/#/main/message	json	200
UM_wPFS__7e8a7fe7__thy_trace_main_rules	UM_wPFS	7e8a7fe7	/thy/trace/#/main/rules	json	200
UM_wPFS__7e8a7fe7__thy_trace_main_message	UM_wPFS	7e8a7fe7	/thy/trace/#/main/message	json	200
AC_counter__7f660677__thy_trace_main_rules	AC_counter	7f660677	/thy/trace/#/main/rules	json	200
AC_counter__7f660677__thy_trace_main_message	AC_counter	7f660677	/thy/trace/#/main/message	json	200
alethea_selectionphase_malS__80b9dd66__thy_trace_main_rules	alethea_selectionphase_malS	80b9dd66	/thy/trace/#/main/rules	json	200
alethea_selectionphase_malS__80b9dd66__thy_trace_main_message	alethea_selectionphase_malS	80b9dd66	/thy/trace/#/main/message	json	200
SignedDH__8ead0793__thy_trace_main_rules	SignedDH	8ead0793	/thy/trace/#/main/rules	json	200
SignedDH__8ead0793__thy_trace_main_message	SignedDH	8ead0793	/thy/trace/#/main/message	json	200
KEA_plus_KCI_hwPFS__8f24e28f__thy_trace_main_rules	KEA_plus_KCI_hwPFS	8f24e28f	/thy/trace/#/main/rules	json	200
KEA_plus_KCI_hwPFS__8f24e28f__thy_trace_main_message	KEA_plus_KCI_hwPFS	8f24e28f	/thy/trace/#/main/message	json	200
Scott__8f79bc1c__thy_trace_main_rules	Scott	8f79bc1c	/thy/trace/#/main/rules	json	200
Scott__8f79bc1c__thy_trace_main_message	Scott	8f79bc1c	/thy/trace/#/main/message	json	200
Scott__904edaac__thy_trace_main_rules	Scott	904edaac	/thy/trace/#/main/rules	json	200
Scott__904edaac__thy_trace_main_message	Scott	904edaac	/thy/trace/#/main/message	json	200
secrecy_4_passive_INpsk1__9737569d__thy_trace_main_rules	secrecy_4_passive_INpsk1	9737569d	/thy/trace/#/main/rules	json	200
secrecy_4_passive_INpsk1__9737569d__thy_trace_main_message	secrecy_4_passive_INpsk1	9737569d	/thy/trace/#/main/message	json	200
JKL_TS2_2008__9b7b928e__thy_trace_main_rules	JKL_TS2_2008	9b7b928e	/thy/trace/#/main/rules	json	200
JKL_TS2_2008__9b7b928e__thy_trace_main_message	JKL_TS2_2008	9b7b928e	/thy/trace/#/main/message	json	200
alethea_votingphase_malS__9cabab94__thy_trace_main_rules	alethea_votingphase_malS	9cabab94	/thy/trace/#/main/rules	json	200
alethea_votingphase_malS__9cabab94__thy_trace_main_message	alethea_votingphase_malS	9cabab94	/thy/trace/#/main/message	json	200
TAK1__9f0abc39__thy_trace_main_rules	TAK1	9f0abc39	/thy/trace/#/main/rules	json	200
TAK1__9f0abc39__thy_trace_main_message	TAK1	9f0abc39	/thy/trace/#/main/message	json	200
KEA_plus__a467f730__thy_trace_main_rules	KEA_plus	a467f730	/thy/trace/#/main/rules	json	200
KEA_plus__a467f730__thy_trace_main_message	KEA_plus	a467f730	/thy/trace/#/main/message	json	200
KEA_plus_KI_KCI__a998f85d__thy_trace_main_rules	KEA_plus_KI_KCI	a998f85d	/thy/trace/#/main/rules	json	200
KEA_plus_KI_KCI__a998f85d__thy_trace_main_message	KEA_plus_KI_KCI	a998f85d	/thy/trace/#/main/message	json	200
TPM_Exclusive_Secrets__aaac5375__thy_trace_main_rules	TPM_Exclusive_Secrets	aaac5375	/thy/trace/#/main/rules	json	200
TPM_Exclusive_Secrets__aaac5375__thy_trace_main_message	TPM_Exclusive_Secrets	aaac5375	/thy/trace/#/main/message	json	200
Joux__b27da093__thy_trace_main_rules	Joux	b27da093	/thy/trace/#/main/rules	json	200
Joux__b27da093__thy_trace_main_message	Joux	b27da093	/thy/trace/#/main/message	json	200
alethea_sel_SmHh__b8fc08c1__thy_trace_main_rules	alethea_sel_SmHh	b8fc08c1	/thy/trace/#/main/rules	json	200
alethea_sel_SmHh__b8fc08c1__thy_trace_main_message	alethea_sel_SmHh	b8fc08c1	/thy/trace/#/main/message	json	200
TPM_Envelope__be59c812__thy_trace_main_rules	TPM_Envelope	be59c812	/thy/trace/#/main/rules	json	200
TPM_Envelope__be59c812__thy_trace_main_message	TPM_Envelope	be59c812	/thy/trace/#/main/message	json	200
StatVerif_GM_Contract_Signing__c3f689d4__thy_trace_main_rules	StatVerif_GM_Contract_Signing	c3f689d4	/thy/trace/#/main/rules	json	200
StatVerif_GM_Contract_Signing__c3f689d4__thy_trace_main_message	StatVerif_GM_Contract_Signing	c3f689d4	/thy/trace/#/main/message	json	200
Scott__c644a462__thy_trace_main_rules	Scott	c644a462	/thy/trace/#/main/rules	json	200
Scott__c644a462__thy_trace_main_message	Scott	c644a462	/thy/trace/#/main/message	json	200
ex1__c8e1214c__thy_trace_main_rules	ex1	c8e1214c	/thy/trace/#/main/rules	json	200
ex1__c8e1214c__thy_trace_main_message	ex1	c8e1214c	/thy/trace/#/main/message	json	200
OTP__cd255921__thy_trace_main_rules	OTP	cd255921	/thy/trace/#/main/rules	json	200
OTP__cd255921__thy_trace_main_message	OTP	cd255921	/thy/trace/#/main/message	json	200
secrecy_4_passive_INpsk1__d381650e__thy_trace_main_rules	secrecy_4_passive_INpsk1	d381650e	/thy/trace/#/main/rules	json	200
secrecy_4_passive_INpsk1__d381650e__thy_trace_main_message	secrecy_4_passive_INpsk1	d381650e	/thy/trace/#/main/message	json	200
RYY__d43319ab__thy_trace_main_rules	RYY	d43319ab	/thy/trace/#/main/rules	json	200
RYY__d43319ab__thy_trace_main_message	RYY	d43319ab	/thy/trace/#/main/message	json	200
issue223__d4a248f7__thy_trace_main_rules	issue223	d4a248f7	/thy/trace/#/main/rules	json	200
issue223__d4a248f7__thy_trace_main_message	issue223	d4a248f7	/thy/trace/#/main/message	json	200
StatVerifSecurityDevice__d721a36f__thy_trace_main_rules	StatVerifSecurityDevice	d721a36f	/thy/trace/#/main/rules	json	200
StatVerifSecurityDevice__d721a36f__thy_trace_main_message	StatVerifSecurityDevice	d721a36f	/thy/trace/#/main/message	json	200
SpliceAS__da6e5aac__thy_trace_main_rules	SpliceAS	da6e5aac	/thy/trace/#/main/rules	json	200
SpliceAS__da6e5aac__thy_trace_main_message	SpliceAS	da6e5aac	/thy/trace/#/main/message	json	200
DHKEA_NAXOS_C_eCK_PFS_partially_matching__dc0f03e6__thy_trace_main_rules	DHKEA_NAXOS_C_eCK_PFS_partially_matching	dc0f03e6	/thy/trace/#/main/rules	json	200
DHKEA_NAXOS_C_eCK_PFS_partially_matching__dc0f03e6__thy_trace_main_message	DHKEA_NAXOS_C_eCK_PFS_partially_matching	dc0f03e6	/thy/trace/#/main/message	json	200
Tutorial__de64a750__thy_trace_main_rules	Tutorial	de64a750	/thy/trace/#/main/rules	json	200
Tutorial__de64a750__thy_trace_main_message	Tutorial	de64a750	/thy/trace/#/main/message	json	200
define__e032ea85__thy_trace_main_rules	define	e032ea85	/thy/trace/#/main/rules	json	200
define__e032ea85__thy_trace_main_message	define	e032ea85	/thy/trace/#/main/message	json	200
UM_three_pass__e30c3b1a__thy_trace_main_rules	UM_three_pass	e30c3b1a	/thy/trace/#/main/rules	json	200
UM_three_pass__e30c3b1a__thy_trace_main_message	UM_three_pass	e30c3b1a	/thy/trace/#/main/message	json	200
Minimal_Create_Use_Destroy__e4f074f1__thy_trace_main_rules	Minimal_Create_Use_Destroy	e4f074f1	/thy/trace/#/main/rules	json	200
Minimal_Create_Use_Destroy__e4f074f1__thy_trace_main_message	Minimal_Create_Use_Destroy	e4f074f1	/thy/trace/#/main/message	json	200
CRXOR__e62b397a__thy_trace_main_rules	CRXOR	e62b397a	/thy/trace/#/main/rules	json	200
CRXOR__e62b397a__thy_trace_main_message	CRXOR	e62b397a	/thy/trace/#/main/message	json	200
Joux_EphkRev__e9203043__thy_trace_main_rules	Joux_EphkRev	e9203043	/thy/trace/#/main/rules	json	200
Joux_EphkRev__e9203043__thy_trace_main_message	Joux_EphkRev	e9203043	/thy/trace/#/main/message	json	200
Chaum_Offline_Anonymity__ec1f9dd7__thy_trace_main_rules	Chaum_Offline_Anonymity	ec1f9dd7	/thy/trace/#/main/rules	json	200
Chaum_Offline_Anonymity__ec1f9dd7__thy_trace_main_message	Chaum_Offline_Anonymity	ec1f9dd7	/thy/trace/#/main/message	json	200
Joux_EphkRev__f06f3329__thy_trace_main_rules	Joux_EphkRev	f06f3329	/thy/trace/#/main/rules	json	200
Joux_EphkRev__f06f3329__thy_trace_main_message	Joux_EphkRev	f06f3329	/thy/trace/#/main/message	json	200
UM_three_pass_combined__f0caf0bb__thy_trace_main_rules	UM_three_pass_combined	f0caf0bb	/thy/trace/#/main/rules	json	200
UM_three_pass_combined__f0caf0bb__thy_trace_main_message	UM_three_pass_combined	f0caf0bb	/thy/trace/#/main/message	json	200
Minimal_Loop_Example__f10a6c20__thy_trace_main_rules	Minimal_Loop_Example	f10a6c20	/thy/trace/#/main/rules	json	200
Minimal_Loop_Example__f10a6c20__thy_trace_main_message	Minimal_Loop_Example	f10a6c20	/thy/trace/#/main/message	json	200
TPM_Exclusive_Secrets__fa5d82ea__thy_trace_main_rules	TPM_Exclusive_Secrets	fa5d82ea	/thy/trace/#/main/rules	json	200
TPM_Exclusive_Secrets__fa5d82ea__thy_trace_main_message	TPM_Exclusive_Secrets	fa5d82ea	/thy/trace/#/main/message	json	200
JKL_TS2_2008_KI_wPFS__ffcbd1a6__thy_trace_main_rules	JKL_TS2_2008_KI_wPFS	ffcbd1a6	/thy/trace/#/main/rules	json	200
JKL_TS2_2008_KI_wPFS__ffcbd1a6__thy_trace_main_message	JKL_TS2_2008_KI_wPFS	ffcbd1a6	/thy/trace/#/main/message	json	200
